T,TM,Tm,SLP,H,VV,V,VM,PM2.5,SO2,NO2,PM10,Class,NumClass
11.5,16.7,8.4,1015.7,82,1.3,13.5,22.2,167.4,4,44,196,Very Poor,5
10.8,14.6,7.8,1016,81,1,11.1,18.3,142,4,52,227,Very Poor,5
9.7,14.7,6,1018.8,86,0.6,3.7,13,25.7,6,98,262,Poor,4
8.3,14.7,3.7,1018.4,82,0.8,7.8,14.8,29.9,4,33,156,Moderate,3
8.6,13,4.2,1017.7,83,0.8,7.6,16.5,40.9,4,53,198,Moderate,3
8.8,14.5,5.3,1018.5,82,0.8,6.7,14.8,188.2,11,75,199,Very Poor,5
9.2,15.6,4.3,1016.7,83,0.5,3,7.6,21.6,19,90,193,Moderate,3
7.6,15.6,4.3,1015.3,91,0.2,4.6,11.1,155.5,4,39,215,Very Poor,5
7.8,11,5,1016.9,91,0.3,8.7,13,263.2,4,47,129,Sever,6
9.5,15.6,4.7,1015.7,78,1.1,12,18.3,198.2,4,53,171,Very Poor,5
11.8,19.2,4.6,1013.8,67,1.1,7.2,18.3,295.8,5,68,139,Sever,6
12,21.3,3.9,1012.8,70,1,3.7,14.8,32.6,2,36,175,Moderate,3
13.9,24.6,5.3,1012.7,77,0.5,0.9,3.5,71.1,10,43,165,Moderate,3
16.4,24.3,9.3,1011.3,75,0.8,3.1,11.1,282,4,46,255,Sever,6
14.8,24.3,10,1014.1,60,1.6,13.5,27.8,292.1,5,67,232,Sever,6
12.7,21.3,9,1014.9,63,1.6,16.9,33.5,157.8,4,39,94,Very Poor,5
12.9,20.1,7.5,1012.7,60,1.8,10.4,24.1,282.8,4,45,80,Sever,6
12.8,22.7,4.4,1012.8,60,1.4,2.4,5.4,56.8,5,51,155,Moderate,3
12.9,22.7,6.1,1013.4,61,1.6,9.4,22.2,73.9,2,43,51,Moderate,3
13.1,21.2,6.5,1016.5,61,1.4,4.4,14.8,77,4,48,65,Moderate,3
14.3,23.5,6.1,1015.9,64,1.4,3.5,14.8,131.9,5,58,417,Very Poor,5
16.3,24,8.6,1015.8,69,1.6,2.6,7.6,26.19,5,50,210,Moderate,3
14.9,24,8.8,1017.6,70,1.3,3.5,13,57,4,49,315,Poor,4
13.9,22.6,8.8,1018,69,1.4,5.4,16.5,217.9,5,46,529,Sever,6
14.3,23,7.2,1020.6,61,1.8,3,9.4,92.4,20,135,590,Sever,6
12.8,22.6,7,1019.4,72,1.1,6.1,14.8,87.4,5,62,387,Very Poor,5
13.9,21.7,6,1016.6,57,1.6,3.1,9.4,151.3,5,57,511,Sever,6
13.9,23.3,5.5,1015.8,68,0.8,1.9,9.4,58.49,9,70,420,Very Poor,5
15.4,22.4,9.1,1017.4,69,0.8,0.7,5.4,278.43,23,94,508,Sever,6
15,22.4,8.2,1018.2,67,1.3,6.1,14.8,469.61,4,54,375,Sever,6
14.7,22.1,8.1,1017.1,65,1.4,8.3,22.2,190.5,5,43,264,Very Poor,5
16.6,24.1,8.6,1017,61,1.6,5.4,18.3,134.5,4,63,293,Very Poor,5
17.1,26,9.3,1016.7,67,1.1,3.1,9.4,143.6,4,52,259,Very Poor,5
18.1,28.4,11.2,1014.8,66,1.1,1.1,5.4,161.8,6,69,301,Very Poor,5
18.6,29.8,11.1,1012.3,77,1.1,0.7,5.4,294.7,8,72,306,Sever,6
20.8,29.8,13.4,1011.2,72,1.3,7.2,13,160.3,22,108,252,Very Poor,5
21.1,26.2,14.6,1008.9,69,1.4,4.4,9.4,34.5,5,42,331,Poor,4
16.8,23.8,11.7,1011.6,70,1.4,8.5,16.5,149.2,5,81,255,Very Poor,5
15.8,23.8,9.3,1011.6,59,2.6,11.1,25.9,194.2,15,104,212,Very Poor,5
15.9,23.5,9.5,1013.9,65,1.6,6.7,16.5,297.6,5,41,225,Sever,6
16.5,24.8,9.1,1014.8,69,1.4,7.8,14.8,53.19,4,55,284,Poor,4
17,26.8,8.9,1011.5,75,1.4,5.4,14.8,151.33,11,107,431,Sever,6
20.1,28.8,13.6,1009.2,67,1.6,3.5,9.4,83.1,15,113,383,Very Poor,5
18.2,22.2,15.6,1010,78,1.9,10.4,14.8,242.2,5,67,352,Very Poor,5
16,22.2,14,1010.9,95,1.6,6.9,16.5,1.8,4,43,306,Poor,4
16.6,22.7,12.3,1012.8,84,1.6,1.1,5.4,49.5,12,67,177,Moderate,3
14.7,21.3,9.8,1015.2,80,1.6,6.5,18.3,234,7,93,151,Very Poor,5
15,21.6,9.4,1014.4,70,1.4,8.9,18.3,226.3,4,48,425,Very Poor,5
16.6,23.8,10,1016.2,63,1.4,3.7,11.1,178.1,5,55,384,Very Poor,5
16.2,26.4,10.3,1017.2,75,2.1,5,11.1,221.6,13,104,210,Very Poor,5
15.6,26.4,9.6,1018.1,79,1.8,6.7,18.3,264.3,4,46,195,Sever,6
18.1,25.6,10.1,1015.6,74,1.4,3.1,11.1,87.8,4,56,252,Poor,4
17.1,24.2,12.5,1014.2,79,1.1,1.1,7.6,90,4,66,409,Very Poor,5
17.3,25.5,11.5,1012.3,72,1.4,5,16.5,133.62,5,53,452,Sever,6
16.6,22.6,12.1,1015.2,79,1.4,2.8,7.6,259.5,18,92,324,Sever,6
17.1,24.3,10.2,1018.7,61,1.8,6.7,14.8,241.4,4,55,331,Very Poor,5
17.1,24.2,10.5,1017.1,55,2.3,9.1,22.2,218.6,6,53,417,Very Poor,5
16.5,22.3,11.3,1015.1,69,1.9,6.5,22.2,159.9,23,86,533,Sever,6
18,24.6,13.8,1013.3,78,1.1,1.3,5.4,207.8,15,117,493,Sever,6
17.3,20.7,14,1013.5,91,1,1.3,3.5,196.6,4,43,168,Very Poor,5
17.5,22.5,12.7,1013.6,76,1.3,5,18.3,160.1,5,49,330,Very Poor,5
19.4,27.2,11.9,1014.1,70,1.4,6.1,11.1,166.2,12,100,344,Very Poor,5
19.8,27.2,13,1016.2,58,2.4,10.6,24.1,92.8,12,95,321,Poor,4
20.9,28.2,13.8,1015.3,52,1.9,11.3,18.3,177.9,15,103,194,Very Poor,5
20.8,27.8,15.1,1011.4,61,1.9,7.8,16.5,143.4,4,60,314,Very Poor,5
20.8,27.6,15.9,1011.8,59,2.7,8.3,22.2,68.84,4,58,202,Moderate,3
19.9,26.3,13.4,1014.3,60,1.9,4.4,11.1,121.1,4,59,267,Poor,4
20.4,27.4,13.3,1013.6,57,1.8,9.1,18.3,82,6,70,252,Poor,4
19.3,28.6,13.2,1012.6,61,2.4,4.8,13,147.1,8,73,167,Very Poor,5
21.5,29.8,13.2,1011.1,54,2.1,5.6,16.5,204,24,68,190,Very Poor,5
22.9,30.6,14.1,1010.6,58,1.8,6.9,18.3,145.3,4,44,125,Very Poor,5
24.1,33.1,15.8,1011.9,61,1.4,2.6,9.4,115.7,4,45,97,Poor,4
24.1,32.3,15.9,1009,60,1.9,5,14.8,294.8,2,35,94,Sever,6
25.4,33.3,17.7,1006.6,59,1.6,6.9,14.8,77.4,4,39,104,Moderate,3
26.2,33.8,18.4,1003.3,60,1.8,3.9,16.5,123.2,4,36,140,Very Poor,5
26.5,35.4,19.3,1001.6,52,1.6,1.7,7.6,45.6,4,31,54,Satisfactory,2
26.1,33.3,19.8,1003,39,2.3,9.1,16.5,151.3,4,29,34,Very Poor,5
23.1,29.3,17.6,1007.9,50,1.6,8.9,24.1,244.7,14,39,54,Very Poor,5
24.3,33.8,14.3,1008.2,42,2.1,5.4,11.1,123.9,4,51,298,Very Poor,5
25.4,35.2,16.6,1008.8,47,1.9,8.3,11.1,91.7,5,50,411,Very Poor,5
26,33.2,19.6,1008.8,47,1.9,5,14.8,291.9,2,110,427,Sever,6
25.4,33,19.1,1009.4,50,1.6,7,14.8,221,2,101,298,Very Poor,5
26.2,34.4,18.8,1009.1,47,2.4,9.3,25.9,216.5,4,41,254,Very Poor,5
27.4,35.6,19.1,1007.2,45,2.3,6.9,14.8,175.6,6,65,371,Very Poor,5
27.2,35,19.8,1006.5,56,1.9,8,16.5,198.4,16,129,432,Sever,6
27.3,35.6,22.3,1007.1,64,1.9,12,16.5,205.7,18,128,530,Sever,6
24.4,33,19.4,1009.5,54,1.9,6.9,14.8,18,4,33,150,Moderate,3
26.6,33.4,19.2,1008.3,41,2.1,10,22.2,185.8,4,58,158,Very Poor,5
27,33.6,19.4,1007.9,42,2.3,5.4,14.8,82.5,4,36,76,Moderate,3
26.2,34.2,20,1010.3,37,1.9,10.9,18.3,91.3,4,40,83,Poor,4
24.1,31.8,16,1010.9,40,2.3,5.7,16.5,71.9,10,92,126,Moderate,3
27.2,35.4,15.4,1010.8,31,2.6,4.8,29.4,169.6,2,77,162,Very Poor,5
24.8,35.4,16.7,1010.1,39,1.8,4.4,14.8,132.2,12,75,172,Very Poor,5
25.7,35,18.6,1010.8,43,1.8,5.4,16.5,293.2,4,61,116,Sever,6
25.6,33,18.2,1010.5,37,1.9,7.6,48.2,251.6,5,61,248,Sever,6
27.1,34.3,18,1011,39,2.6,4.3,13,222.4,4,80,197,Very Poor,5
25.6,34.3,20.1,1013.3,48,1.9,5.2,14.8,96.9,4,34,251,Poor,4
27.1,34.8,20.1,1009.7,53,1.9,3.7,14.8,125.4,5,67,309,Very Poor,5
26.9,33,22,1008.6,56,1.8,5.4,13,156.1,4,78,229,Very Poor,5
27.8,34.1,20.4,1009.1,45,2.3,4.4,11.1,296.7,3,79,99,Sever,6
27.9,35.6,20.5,1007.2,46,1.8,2,7.6,274.9,2,79,140,Sever,6
29.5,35.6,21.8,1006.1,42,1.8,3.1,7.6,211.6,4,59,169,Very Poor,5
28.3,36.4,21.4,1007.6,51,1.6,7.6,20.6,43.9,4,60,272,Poor,4
24.2,36.4,21.8,1008.4,76,1.3,5,14.8,174.4,3,103,203,Very Poor,5
27,36.4,19,1006.8,46,1.6,10.2,18.3,254.8,4,41,291,Sever,6
27.6,34.8,19.6,1006.8,39,1.9,5.7,16.5,291.4,4,54,179,Sever,6
27.6,34.9,18.6,1007.3,42,1.9,5.2,13,68.8,6,100,318,Poor,4
28.5,36,19.2,1007.5,33,1.8,9.3,33.5,277.2,4,48,227,Sever,6
28.9,37.5,20.2,1005.2,40,1.9,1.5,7.6,37.2,4,52,132,Moderate,3
31.8,40.5,22.9,1003.4,38,1.4,3,11.1,227.4,4,76,90,Very Poor,5
30.2,40.5,25,1006.4,43,1.1,14.1,22.2,59,7,71,100,Satisfactory,2
29.4,37.2,23.6,1005,52,1.4,7.2,18.3,17.4,3,50,63,Satisfactory,2
32.4,39.4,24.9,1001.9,45,1.9,2.8,9.4,238.5,4,56,312,Very Poor,5
33.8,40.8,26.4,1001.9,33,1.8,11.3,20.6,18.48,4,52,417,Very Poor,5
33.6,41.1,27.6,1003.4,34,1.4,9.3,29.4,77.58,4,53,360,Very Poor,5
34.3,41.1,26.4,1002.8,32,1.9,8.3,18.3,226.51,5,66,404,Very Poor,5
33.4,40.3,25.5,1000.1,36,2.4,6.5,14.8,286.91,23,112,534,Sever,6
34.7,41.1,25.9,999.3,31,1.9,12,20.6,166.22,4,29,91,Very Poor,5
31.5,40,26.4,1003.2,59,1.9,5.4,11.1,60.73,12,82,200,Moderate,3
30.8,39.2,25.4,1003.9,50,1.9,13.3,22.2,8.06,6,104,133,Moderate,3
31,36.7,23.8,1002.8,44,2.3,5.6,14.8,133.1,4,38,296,Very Poor,5
32,38.8,24.7,1000.4,43,2.6,3.9,14.8,47.9,4,54,244,Moderate,3
33.8,41.2,26.4,998.8,33,1.9,8,20.6,12.9,2,50,288,Poor,4
34.9,42.2,26.7,998.8,30,2.3,9.1,22.2,285.7,4,35,167,Sever,6
35.4,42.4,27.6,998.6,30,2.3,11.1,18.3,151.2,4,58,203,Very Poor,5
36.2,43.1,29.6,998.7,31,1.9,9.6,18.3,120.8,4,35,93,Poor,4
33.7,40,28.9,1002.1,40,2.6,5.4,16.5,287.9,4,36,93,Sever,6
34,41,28.2,1001.7,37,1.4,4.8,14.8,103.7,2,27,75,Poor,4
34.7,42.6,28.4,1003.1,30,1.9,5.2,11.1,245.4,2,52,83,Very Poor,5
35.7,44.1,28.5,1004,37,1.9,8.5,18.3,203,5,61,158,Very Poor,5
37.2,42.3,30.7,1001.5,48,1.9,7.8,14.8,154.9,2,54,72,Very Poor,5
35.1,42.2,28.8,998.1,41,1.9,12.6,24.1,106.8,4,55,233,Poor,4
32.2,39.2,27,997.4,57,1.9,15,20.6,290.9,4,44,284,Sever,6
27.1,32.4,21.4,997.7,68,1.9,14.1,29.4,229.34,5,50,351,Very Poor,5
25.8,33.9,20.7,1002.4,75,1.9,13,46.5,39.74,3,141,554,Sever,6
30.2,37.1,21.9,1001.9,57,1.9,6.9,25.9,74.54,5,118,400,Very Poor,5
34.2,40.7,26.3,999.6,42,2.3,9.3,25.9,137.37,13,117,351,Very Poor,5
35.2,41.8,29.2,1000,40,1.9,15.6,22.2,132.29,13,91,405,Very Poor,5
31.6,40.1,27.4,1002.2,48,1.9,7.4,33.5,61.29,4,59,66,Moderate,3
31,36.6,25.3,1004.4,49,1.9,5.7,18.3,42.78,4,51,205,Moderate,3
33.3,38.6,26.3,1001.7,45,2.6,8.5,14.8,80.38,7,89,240,Moderate,3
33.8,40.9,27.4,1001.4,49,1.9,7.8,18.3,76.02,4,41,127,Moderate,3
33.5,40.6,26.3,999.3,54,1.9,7.8,18.3,37.43,4,52,113,Moderate,3
34.8,41.5,27.6,996.7,49,1.9,13,18.3,65.63,2,101,151,Moderate,3
30.7,36.7,24.4,999.8,54,1.9,18.5,33.5,43.63,2,108,355,Very Poor,5
30.2,36.8,22.8,1003.3,51,1.9,8.1,18.3,50.58,4,43,247,Moderate,3
32.1,39.4,24.5,1002.5,46,1.9,4.8,11.1,63.73,5,65,233,Moderate,3
33.3,40.6,26,1000.1,46,2.6,5.6,14.8,87.85,2,85,129,Moderate,3
35.1,42.2,26.3,999.1,48,2.3,2.2,7.6,88.82,4,94,294,Poor,4
36.8,43.5,29.8,999,39,1.9,5.6,16.5,55.36,4,60,165,Moderate,3
33.6,38.8,27.4,997.5,49,1.6,15.6,18.3,54.46,4,87,172,Moderate,3
33.9,41.8,24.4,996.2,53,2.3,11.9,33.5,118.6,4,55,169,Poor,4
30.5,41.8,23.7,997.4,70,1.9,10.7,14.8,219.1,5,60,387,Very Poor,5
31.8,37,26.7,995.3,68,1.9,10,11.1,199.2,3,82,156,Very Poor,5
30,37.5,26.2,994.9,74,1.9,7.4,11.1,271.8,7,80,201,Sever,6
30.7,37.5,25.6,996,71,1.9,5,11.1,37.7,4,54,314,Poor,4
31,38.4,24.5,995,66,1.9,4.6,11.1,71,4,49,152,Moderate,3
32.4,38.4,27.3,996.6,64,1.9,3.9,11.1,280.4,5,88,149,Sever,6
33.8,38,29.1,996.3,61,1.9,5.7,9.4,174.8,9,60,252,Very Poor,5
34.1,38.6,29.8,995.2,62,1.9,5.7,11.1,17.27,4,60,256,Poor,4
34.2,38.7,30,994.5,62,1.9,11.5,16.5,60.98,5,63,247,Moderate,3
34.6,38.7,30,994,61,1.9,3.3,7.6,56.46,6,78,193,Moderate,3
28.3,30.7,25.9,996.5,85,1.8,5,16.5,139.34,4,63,245,Very Poor,5
29.7,34,27.2,995.5,84,1.9,2,5.4,638.14,6,88,171,Sever,6
30.4,34.5,27.8,995.3,79,1.9,5.4,14.8,344.46,3,77,199,Sever,6
29.4,33.4,27.6,996.3,81,1.9,4.4,9.4,30.84,11,63,302,Poor,4
29.8,34.3,26.7,996.5,76,1.9,11.1,18.3,12,4,52,206,Moderate,3
31.5,35.6,26.7,997.4,67,1.9,13.3,27.8,98.6,4,53,117,Poor,4
31,36.4,27.8,997.1,69,1.9,9.3,25.9,62.4,9,83,189,Moderate,3
32.8,38.5,28.2,998,57,2.3,11.1,27.8,242.8,4,52,211,Very Poor,5
33.4,38.5,28,1000.1,60,1.9,8.7,25.9,50.4,5,69,275,Poor,4
31.1,37.7,28,1001.2,74,1.9,4.6,9.4,216,4,58,290,Very Poor,5
30.2,37.7,27.8,1001.4,79,1.9,7.6,9.4,204.4,5,70,212,Very Poor,5
31.1,36.5,27.8,1000.9,73,1.9,10.4,16.5,295.2,4,38,109,Sever,6
28.9,33.3,26.6,1000.2,84,1.8,6.1,11.1,220.1,2,38,144,Very Poor,5
28.7,33,26.6,999.1,85,1.9,4.3,9.4,135.4,2,51,180,Very Poor,5
31.4,35.9,26.7,997.9,74,1.9,4.8,18.3,181.6,23,52,219,Very Poor,5
31.6,35.9,28,997.4,74,1.9,3.3,7.6,219.7,4,36,292,Very Poor,5
32.4,36.4,28.2,996.8,72,1.9,8.5,14.8,196.7,4,50,336,Very Poor,5
29.8,35.6,27.4,997,80,1.9,8.3,11.1,272.2,18,112,344,Sever,6
28.9,32.6,26.8,997.2,79,1.9,11.1,14.8,83.9,4,60,72,Moderate,3
29.9,34.8,25.7,997.3,77,1.9,5.4,11.1,33.8,5,52,158,Moderate,3
29.5,34.8,26.2,997,79,1.9,9.4,18.3,35.1,4,57,150,Moderate,3
29.7,34.2,26.9,996,82,1.9,6.5,11.1,117.7,6,72,339,Poor,4
31.6,36.3,27.5,993.6,74,1.9,3.3,7.6,123.1,4,41,207,Very Poor,5
32.4,37.3,28.9,993.3,66,1.9,13,18.3,149.3,4,48,279,Very Poor,5
31.2,37.3,26.3,995.6,75,1.9,4.6,7.6,194.2,2,63,201,Very Poor,5
31.3,35.2,27.6,995.7,74,1.9,4.4,14.8,97.6,4,47,272,Poor,4
30,35.2,27,997.8,76,2.3,11.3,16.5,260.1,5,61,223,Sever,6
31.1,35,26.8,1000.3,67,1.9,13,20.6,88.4,4,29,97,Moderate,3
30.6,35,27.5,1003.9,74,1.9,10.7,14.8,200.6,4,39,157,Very Poor,5
29.9,35.6,26.4,1003.9,83,1.9,2,9.4,156.2,2,72,119,Very Poor,5
29.2,35.6,27.2,1000.8,83,1.9,5.2,11.1,146.1,2,59,95,Very Poor,5
29.2,33.6,26.1,999.4,86,1.9,7.4,14.8,226.3,4,45,103,Very Poor,5
30.1,34.6,26.5,999.7,80,1.9,6.5,11.1,61.3,4,45,110,Moderate,3
31,34.6,27.6,997.7,78,1.9,6.3,16.5,41.9,2,58,78,Satisfactory,2
32.8,37.2,28.3,996.2,69,2.3,7,11.1,231.8,22,72,167,Very Poor,5
32.3,36.5,28.6,996.3,71,1.9,9.3,16.5,95.3,5,55,459,Sever,6
33.3,38.2,28.9,996.3,68,2.6,10.9,18.3,17.8,5,65,365,Very Poor,5
30.9,38.2,28.8,997.9,74,2.3,8.5,14.8,266.2,2,138,692,Sever,6
29.4,34.7,26.6,998,84,1.8,4.4,11.1,268.6,4,130,600,Sever,6
30.2,34.6,27.6,996.5,82,1.6,3,11.1,204.2,4,52,172,Very Poor,5
29.8,34.6,26.9,996.4,86,1.9,5,11.1,75.2,5,60,331,Poor,4
31.8,35.2,27.6,996.6,73,1.9,10,16.5,147.6,2,81,375,Very Poor,5
31.3,35.3,27.8,997.4,72,1.9,13.7,22.2,11.4,4,87,159,Moderate,3
30.7,34.8,27.9,997.2,71,2.6,15.6,22.2,92.2,5,97,337,Poor,4
28.8,32.8,26.9,997.8,87,1.9,10,18.3,166.4,5,62,409,Very Poor,5
27.4,32.8,25.5,997.7,93,1.8,11.9,18.3,2.99,4,36,164,Moderate,3
29.8,35.7,25.4,999.2,77,1.9,10,13,11.69,4,58,236,Moderate,3
28.2,35.7,25.6,1000.1,80,1.9,18.3,22.2,11.95,4,49,149,Moderate,3
26.8,28.1,25.1,997.4,94,1.8,10,18.3,4.3,5,57,281,Poor,4
26.6,28.1,25.4,998.8,93,1.9,3,11.1,242.85,2,83,174,Very Poor,5
29.2,33.6,25.4,999.6,77,1.9,7.2,18.3,41.43,3,74,259,Poor,4
30.4,34.8,25.7,1000.5,73,1.9,7.4,14.8,51.65,4,56,316,Poor,4
28.3,34.8,26.4,1002.4,83,1.9,6.3,22.2,32.75,5,59,271,Poor,4
29.6,34.3,25.7,1004.3,79,1.9,9.6,14.8,31.26,2,87,147,Moderate,3
31.3,35.5,27,1003.5,72,1.9,4.4,7.6,38.81,3,76,233,Moderate,3
28.2,35.8,25,1002.6,87,1.9,9.1,14.8,187.4,5,60,218,Very Poor,5
27.7,34.5,24.6,1002.9,88,1.9,3.7,9.4,14.39,2,56,152,Moderate,3
30,34.4,25.6,1003.1,81,1.9,2.6,9.4,147.51,3,84,131,Very Poor,5
29,34.4,25.7,1003,87,1.9,1.1,9.4,310.27,3,87,176,Sever,6
31.1,36.1,26.1,1001.6,73,2.6,3.9,7.6,235.5,5,56,364,Very Poor,5
31.8,36.2,27.6,1002.8,71,1.9,8.9,20.6,109.6,4,54,411,Very Poor,5
31.3,36.7,28.1,1002.7,75,2.6,4.6,14.8,82.6,4,58,273,Poor,4
31.7,36.1,27.6,1001.7,72,3.1,8.7,16.5,110.5,4,38,276,Poor,4
32.2,36.7,28.7,1000.4,72,2.7,8.5,11.1,93,4,38,190,Poor,4
31.8,36.7,25,999.9,70,2.7,8.1,22.2,75.4,2,100,237,Moderate,3
29.8,36.6,24.4,1000.3,74,1.9,14.3,22.2,292.5,2,100,173,Sever,6
27.6,32.4,25.4,1001.6,90,1.9,5.6,16.5,9.29,5,51,394,Very Poor,5
28.2,32.4,24.5,1000.1,89,1.9,3,7.6,12.66,2,83,400,Very Poor,5
28.6,32,26.8,998.6,88,1.8,2.2,9.4,31.29,3,88,265,Poor,4
28.9,34.2,26.1,999.1,83,1.9,5.4,14.8,9.63,2,91,386,Very Poor,5
27.2,34.2,25.1,1003.1,95,1.6,4.3,7.6,18.02,4,53,232,Moderate,3
29.9,34.1,25.7,1003.4,81,1.8,2.2,5.4,14.4,4,48,260,Poor,4
30.4,34.6,26.6,1001.6,75,2.6,10.2,18.3,158.1,2,53,190,Very Poor,5
30.2,34.3,27.1,1002.2,77,1.9,10.2,18.3,254.9,2,54,187,Sever,6
31,35.6,27.4,1002.3,74,2.3,2.8,9.4,69.4,32,56,271,Poor,4
31.4,36.2,27.7,1000.7,72,2.6,5,16.5,254.5,20,106,263,Sever,6
28,36.2,25.6,1001.2,86,1.9,3.1,9.4,10.44,4,67,200,Moderate,3
28.7,34.2,25.6,1001.5,86,1.9,0.4,3.5,42.46,5,61,272,Poor,4
28.9,33.5,24.5,1000.9,79,2.7,7.4,18.3,9.21,7,72,291,Poor,4
29,33.4,25.5,1002.2,77,1.9,7.2,14.8,9.05,4,59,280,Poor,4
29.3,33.6,25.4,1004.9,76,3.1,7.8,18.3,15.83,4,48,192,Moderate,3
29.1,33.6,25,1005.2,71,2.6,12,29.4,20.57,2,61,141,Moderate,3
28.9,33.7,25,1003.6,75,2.3,8.5,18.3,21.72,4,31,203,Moderate,3
29.2,34.1,25.1,1004.4,72,2.3,8.3,18.3,28.54,4,44,129,Moderate,3
28.9,34.1,24.8,1003.4,69,2.6,12.6,25.9,25.91,2,54,64,Satisfactory,2
28.7,34.3,23.4,1004.5,60,2.7,9.4,20.6,31.3,2,64,137,Moderate,3
29.1,34.7,24.2,1006,66,2.7,9.3,24.1,29.67,4,45,126,Moderate,3
29.3,34.7,24.7,1005.9,64,2.7,12.2,22.2,36.28,4,49,129,Moderate,3
28.8,34.1,24.3,1005.3,68,2.6,12.2,22.2,27.31,4,29,64,Satisfactory,2
28.6,33.9,24.5,1005.7,65,2.7,13.9,25.9,35.78,5,47,71,Satisfactory,2
28.5,34.7,24.2,1006.5,58,2.7,12,24.1,45.64,4,43,167,Moderate,3
28.5,34.7,22.7,1007.3,53,2.3,12.2,22.2,39.15,5,55,163,Moderate,3
28.3,34.7,23.4,1005.6,61,1.9,11.7,24.1,55.32,5,52,248,Moderate,3
28.3,34.8,23,1005.3,59,2.6,12.4,33.5,64.95,4,38,170,Moderate,3
28.5,34.5,23.7,1005.8,61,2.7,7.8,22.2,56.36,4,60,104,Moderate,3
28.4,34.5,24,1007.1,64,2.3,7.4,18.3,53.3,5,62,278,Poor,4
28.3,34.5,23.4,1010.5,65,2.3,6.5,16.5,52.18,2,72,373,Very Poor,5
27.9,34.4,23.3,1011.1,69,2.6,3.7,11.1,47.78,7,69,221,Moderate,3
27.9,34.7,23,1010.1,66,2.6,5.7,22.2,53.12,2,54,365,Very Poor,5
27.4,34.1,23.2,1011,70,1.9,4.8,11.1,56.27,5,50,206,Moderate,3
27.1,33.6,21.8,1012.3,68,2.3,5.4,14.8,65.69,3,75,192,Moderate,3
27.3,34,22,1012.1,66,2.3,3.5,11.1,95.25,5,52,181,Poor,4
27.4,34,22.7,1011,65,1.9,7.6,18.3,89.17,4,55,301,Poor,4
27.2,34.6,21.2,1009.1,63,1.9,6.1,20.6,11.12,3,76,126,Moderate,3
27.9,35.1,22.2,1008.3,57,2.6,6.5,14.8,65.86,4,58,134,Moderate,3
26.4,35.1,21,1008,60,2.6,5.2,14.8,79.09,4,59,221,Moderate,3
25.6,34.5,19,1009,56,1.9,4.3,25.9,79.26,2,42,110,Moderate,3
24.8,34.4,18.4,1010.4,60,1.9,0.9,7.6,63.87,3,40,355,Very Poor,5
25,32.6,18.4,1010.2,61,1.9,1.9,14.8,34.9,4,40,257,Poor,4
24.7,33,18.6,1007.9,63,1.6,3,18.3,266.6,4,50,206,Sever,6
24.6,32.8,18.5,1011.1,69,1.1,1.3,5.4,32.9,2,27,48,Satisfactory,2
24.9,33.5,18.4,1011.6,65,1.1,1.9,7.6,162.5,5,50,165,Very Poor,5
24.9,33.5,19,1011.5,68,1.4,1.7,9.4,84.85,4,48,208,Moderate,3
23.5,32.8,17.6,1011.8,62,1.6,0.4,3.5,141.24,6,76,228,Very Poor,5
22.9,31.2,17.5,1013.6,59,1.1,2.8,11.1,111.89,4,54,274,Poor,4
22.4,30,16.7,1013.4,51,1.6,7.2,18.3,99.96,5,56,210,Poor,4
21.9,30,16,1013.2,56,1.6,3.5,11.1,44.39,2,73,157,Moderate,3
22,30.2,15.2,1012.8,63,1.6,1.9,14.8,27.85,3,65,364,Very Poor,5
22.4,30.6,15.3,1011,59,1.3,3,7.6,14.99,4,38,265,Poor,4
21.8,31.6,15.9,1011.7,66,1.1,0.7,5.4,9.48,4,51,308,Poor,4
22.5,32.6,15.4,1011.6,59,1.4,2.8,11.1,6.01,3,73,192,Moderate,3
23.2,32.6,15.6,1010.6,55,1.9,3.1,11.1,2.37,7,64,331,Poor,4
22.7,32.4,15.9,1010.7,58,1.8,3.1,11.1,7.09,4,51,222,Moderate,3
22.7,32.2,17.1,1012.5,69,0.8,2.4,11.1,139.7,4,51,99,Very Poor,5
22.3,30,17.4,1011.5,66,1.1,5.4,20.6,14,4,60,183,Moderate,3
21.3,29.9,15.1,1013.1,66,1.4,0.9,7.6,258,4,40,157,Sever,6
21.4,30.7,14.2,1013.8,62,1.1,1.9,14.8,73.9,4,38,160,Moderate,3
23.5,30.7,15.2,1012.8,60,1.3,2.4,11.1,206.4,4,56,202,Very Poor,5
24.1,30.8,18.3,1011.6,66,1.3,6.1,16.5,2.27,4,52,340,Poor,4
23.4,29.4,18.5,1011.6,68,1.6,7,14.8,287.5,5,55,273,Sever,6
21.9,29.6,16.2,1012.4,65,1.6,5,18.3,1.81,10,99,229,Moderate,3
21.1,30.4,14.5,1013.9,67,1.4,1.7,9.4,44.6,4,48,251,Poor,4
21.1,30.4,14.2,1014.6,67,1.6,2,9.4,1.43,4,58,134,Moderate,3
21.1,29.6,14.3,1014.5,67,1.4,2.4,11.1,4.52,8,62,288,Poor,4
21.6,29.6,15.6,1012.7,66,1.4,4.4,11.1,5.77,10,45,352,Very Poor,5
21.1,29.4,15.4,1012.8,63,1.8,3.9,14.8,1.99,4,36,209,Moderate,3
21.6,30,15.8,1012.5,64,1.4,2.6,11.1,1.11,4,48,204,Moderate,3
20.3,27.5,15.1,1014.5,83,1,0.9,3.5,1.37,5,56,160,Moderate,3
19.8,27.7,14.6,1016.6,86,0.6,1.9,7.6,265,4,49,226,Sever,6
20.7,27.8,14.8,1017.5,84,0.5,0.7,5.4,2.39,6,65,280,Poor,4
19.9,27.9,15,1017,84,0.8,0.4,3.5,2.88,4,41,131,Moderate,3
19,28,12.7,1015.6,76,1.1,2,11.1,200.87,2,55,51,Very Poor,5
18.6,27.4,12.4,1014.8,74,1.1,1.1,9.4,218.2,2,51,112,Very Poor,5
18,27.4,12.7,1014.5,74,1.1,1.1,9.4,94.1,4,34,94,Poor,4
17.7,25.4,11.8,1013.1,70,1.3,6.5,18.3,281.3,4,36,135,Sever,6
18.1,25.7,12.7,1012.7,69,1.4,11.5,25.9,91.9,4,34,182,Poor,4
17.8,26,11.5,1012.9,62,1.9,3.5,9.4,136,4,50,166,Very Poor,5
17.4,26.5,10.1,1014.5,75,1.3,1.5,7.6,14.42,4,46,264,Poor,4
19.7,27.6,14.2,1009.8,73,1.1,4.4,18.3,13.9,4,52,297,Poor,4
18,27.6,12,1011,70,1.6,3.1,14.8,44,5,61,110,Moderate,3
20.2,28.7,12.7,1013.2,72,1.3,4.3,11.1,1.3,2,41,69,Satisfactory,2
19.6,27.4,14.5,1014.3,79,1.1,4.3,11.1,1.6,4,36,416,Very Poor,5
21.2,29.2,14.4,1013,73,1.4,5.6,11.1,1.19,4,54,153,Moderate,3
18.6,29.2,16.4,1013.9,88,0.6,4.6,14.8,176.6,2,41,85,Very Poor,5
17.3,23.4,13,1013.7,70,1.4,9.1,18.3,105.4,3,49,93,Poor,4
15,23.2,9.7,1015,56,1.6,5.4,20.6,166,4,48,286,Very Poor,5
14.4,24.6,7.1,1017.8,64,1.1,2,9.4,91,5,61,151,Poor,4
13.7,23.1,6.9,1017.7,65,1.4,4.6,18.3,22.2,2,49,66,Satisfactory,2
13.3,22.4,6.4,1017.6,60,1.4,5.4,14.8,31.3,5,71,108,Moderate,3
12.7,22.4,5.9,1017.7,65,1.3,3.9,9.4,133.5,4,58,308,Very Poor,5
12.3,22.2,4.7,1017.9,64,1.3,4.1,14.8,289.8,5,54,171,Sever,6
12.2,21.8,5,1017.6,66,1.1,3.7,11.1,73.52,4,36,128,Moderate,3
12.4,23,5,1018.6,72,0.5,2.8,14.8,68.4,4,50,237,Moderate,3
11.6,23,5,1017.8,81,0.3,0.9,7.6,62.9,3,46,183,Moderate,3
12.2,20.4,4.8,1017.1,80,1,4.4,11.1,299.1,4,49,134,Sever,6
13,23,6.8,1017.8,71,1.1,0.4,3.5,159,4,56,371,Very Poor,5
12.6,23,6,1017.6,67,0.6,5.4,9.4,138.3,4,70,153,Very Poor,5
10.7,21.7,5,1016.8,69,0.8,6.5,14.8,276.9,2,24,131,Sever,6
10.4,20,3.3,1016,64,1.4,5.9,18.3,246.2,5,19,78,Very Poor,5
10.3,20.3,2.9,1016.2,62,1.3,3.1,13,259.5,4,54,231,Sever,6
10.6,20.8,3.4,1016.2,69,0.6,0.2,1.9,11.31,4,57,177,Moderate,3
11.2,21.6,4.1,1016.7,75,0.3,0.7,5.4,832.74,4,26,131,Sever,6
13,23.9,5.2,1018.3,74,0.8,0.9,3.5,952.42,4,20,109,Sever,6
13.9,22.3,6.8,1018.7,77,0.5,2.4,9.4,789.5,4,32,121,Sever,6
12.6,21.1,6.6,1018.8,82,0.3,1.7,7.6,740.49,4,46,133,Sever,6
15.1,23.3,6.8,1017.3,78,0.8,2.2,7.6,770.3,4,37,161,Sever,6
16.3,18.4,11.3,1015.3,85,1.1,2.2,7.6,104.56,4,42,320,Poor,4
14.6,19.7,11,1016.6,89,0.2,2.4,11.1,166.91,5,58,107,Very Poor,5
13.4,20.6,7.9,1015.3,75,0.6,4.4,14.8,340.01,2,33,46,Sever,6
14.7,21.8,8,1014.9,76,0.3,1.9,5.4,495.45,4,35,146,Sever,6
14.4,19.3,11.2,1016,88,0.3,6.5,11.1,290.75,4,41,130,Sever,6
14.5,19.3,12.4,1015.9,91,1,9.1,18.3,136.22,2,46,43,Very Poor,5
14.6,17.7,12.5,1018.8,88,1.1,9.1,14.8,200.4,4,44,331,Very Poor,5
13,18,9,1020.2,83,0.8,7.4,11.1,167.74,4,46,556,Sever,6
11.3,17.6,7,1020.3,73,1,6.7,14.8,159.57,4,55,257,Very Poor,5
10.1,17.9,4.5,1020.9,66,1,4.4,14.8,220.93,6,54,370,Very Poor,5
10.7,18.5,4.6,1020.2,71,0.6,6.7,16.5,227.57,4,48,114,Very Poor,5
11.4,18.7,5.3,1019.5,63,1.3,8.7,22.2,"2,460.39",4,49,167,Sever,6
12.5,19.8,5.5,1019,61,1.3,8.1,14.8,"2,912.25",11,53,141,Sever,6
14.5,22.6,6.7,1015.4,62,1.3,6.3,18.3,"1,185.81",4,57,122,Sever,6
15.7,25.6,12.2,1010.1,82,1,9.8,18.3,127.49,8,66,215,Very Poor,5
10.8,20.3,8.4,1011.9,90,0.6,6.1,14.8,88.5,11,40,257,Poor,4
9.6,15.5,5.6,1011.9,83,0.8,3.1,14.8,88.64,5,62,235,Moderate,3
10.6,17.7,4.8,1014.6,83,0.8,3.5,11.1,455.03,4,52,171,Sever,6
9.2,17.7,4.5,1017.8,88,0.5,8.7,16.5,286.25,5,61,213,Sever,6
10.9,18.4,5.4,1017,70,1.4,7.6,25.9,150.18,2,47,101,Very Poor,5
11.3,18.4,6.4,1016.9,70,1.1,5,18.3,188,2,42,389,Very Poor,5
13,22.7,5.6,1017.1,70,1.4,5.7,14.8,189.24,4,44,186,Very Poor,5
14.2,21.6,7.5,1016,59,1.8,13.1,24.1,148.3,5,57,132,Very Poor,5
14.6,21.1,9,1015.8,65,1.6,8.1,14.8,258.48,2,40,53,Sever,6
15.6,21.1,9.3,1017.2,63,1.8,11.1,25.9,191.85,4,40,83,Very Poor,5
11.6,21,7,1016.7,74,1.3,5.6,18.3,218.74,4,33,177,Very Poor,5
12.3,21.7,5.1,1016.5,68,1.6,3.5,11.1,420.7,4,35,108,Sever,6
12.6,21.7,5.3,1018,61,1.3,8.5,18.3,263.82,2,75,65,Sever,6
13.9,27.2,6.6,1018.6,53,1.4,6.7,18.3,178.84,2,82,107,Very Poor,5
12.6,21.6,4.4,1019.8,59,1.4,4.8,14.8,"1,656.57",4,47,127,Sever,6
13.9,22.1,7.9,1019.9,55,1.6,10,22.2,244.72,4,58,227,Very Poor,5
14.7,22.8,8.4,1018.7,52,1.4,8.3,22.2,220.26,4,52,233,Very Poor,5
15.7,23.6,10.6,1017.5,57,1.6,3.5,11.1,274.5,5,52,303,Sever,6
17.3,24,10.1,1013.3,60,1.4,8,11.1,339.69,4,37,135,Sever,6
16.9,24,11.7,1016,64,1.1,8.3,18.3,302.07,4,35,79,Sever,6
15.7,23.8,10.6,1016.4,64,1.9,12.4,25.9,236.8,2,24,78,Very Poor,5
13.4,22,7.6,1014.5,65,1.8,9.1,14.8,159.58,2,25,88,Very Poor,5
13.4,20.5,9.1,1014.9,40,2.9,9.4,18.3,960.73,4,37,99,Sever,6
11.9,19.3,4,1017.1,49,2.3,13.1,25.9,"3,997.31",5,55,141,Sever,6
12.9,20.6,6.4,1016.2,49,1.6,12.2,25.9,"4,820.40",2,22,65,Sever,6
14.9,21.8,6.6,1015.8,50,1.9,6.7,14.8,"6,513.60",2,24,70,Sever,6
17.6,26.1,9.8,1013.1,51,1.6,5.7,14.8,"9,332.18",4,39,119,Sever,6
17.2,26.1,12.6,1012.5,65,1.4,5.7,18.3,482.49,4,45,78,Sever,6
16.8,23.6,11.7,1015.6,64,0.8,5.4,16.5,537.93,2,17,68,Sever,6
15.5,21.7,11.3,1015.1,42,2.4,7.8,14.8,"3,091.31",2,26,62,Sever,6
13.7,21.2,7.1,1016.1,47,2.4,9.3,18.3,"5,066.80",4,38,252,Sever,6
14.8,22.3,6.6,1017.2,55,1.4,9.6,18.3,731.34,4,42,81,Sever,6
17.3,24.6,10.9,1014.8,49,2.3,12.2,25.9,"3,929.71",4,57,136,Sever,6
17.7,25.5,11.4,1011.2,54,1.4,7.8,18.3,"7,680.91",2,52,77,Sever,6
20.2,29.3,11.1,1008.5,58,1.4,3.7,14.8,"1,075.12",2,53,136,Sever,6
21.4,30.1,13.5,1009.6,60,1.4,5.7,14.8,384.81,4,44,158,Sever,6
18.4,30.1,13.5,1011.4,65,1.9,7.6,18.3,"1,360.07",4,60,133,Sever,6
18.2,26.6,11.6,1012.1,51,1.8,7.8,16.5,292.67,2,35,71,Sever,6
16.7,26.6,10.5,1013.3,42,2.4,10.6,18.3,208.89,2,33,112,Very Poor,5
17.1,23.8,9.7,1012,45,2.9,15.6,27.8,"2,220.33",4,32,167,Sever,6
18.1,25,10.3,1009.4,46,1.9,15.9,27.8,242.08,4,47,106,Very Poor,5
18.7,26.4,12.5,1006.1,56,1.8,10.9,25.9,"6,781.76",2,46,74,Sever,6
18.4,26.7,11.9,1007,58,2.3,8.7,22.2,"2,937.44",3,41,108,Sever,6
19.8,29.4,10.6,1007.9,57,2.4,3.7,14.8,"9,604.51",4,46,164,Sever,6
20.2,29.5,12.2,1006.8,52,2.4,5.6,14.8,"8,468.69",6,70,203,Sever,6
21.2,29.2,12.4,1006.6,51,2.1,11.1,22.2,"5,735.16",2,26,59,Sever,6
24.4,32.7,14.5,1006.2,60,2.4,3.7,14.8,787.8,2,19,70,Sever,6
25.2,33,18.6,1004.6,58,1.9,8.1,20.6,360.31,4,36,116,Sever,6
22.6,33,16.4,1005.6,59,1.6,9.1,22.2,588.33,5,58,136,Sever,6
20.9,29.1,13.1,1004.9,49,2.6,8.3,22.2,266.03,4,33,180,Sever,6
19.9,29,12.7,1006.1,55,1.9,9.4,14.8,380.76,4,31,98,Sever,6
18.6,25,11.8,1010.2,50,1.9,8.1,18.3,"1,301.10",6,63,134,Sever,6
18,26.2,9.7,1013.1,52,2.6,5.4,14.8,"4,304.37",2,59,48,Sever,6
18.5,27.6,9.6,1013.5,50,2.6,3.7,14.8,"1,842.63",2,66,79,Sever,6
21.2,30.2,11,1012.2,50,2.3,5.9,14.8,"9,074.21",4,32,239,Sever,6
20.2,30.2,14.8,1014.9,58,2.6,7.8,14.8,"6,033.03",4,37,114,Sever,6
19.5,27.2,13.1,1015.8,52,1.6,11.7,22.2,"5,022.31",2,51,34,Sever,6
20.8,27.8,14,1013.3,50,2.4,10.6,18.3,763.7,2,56,78,Sever,6
22.3,31,14.2,1010.8,53,1.9,6.3,18.3,"2,808.27",4,54,230,Sever,6
24.9,34.6,15.3,1008.5,50,1.8,3.1,14.8,"10,657.79",4,56,229,Sever,6
26.1,35.6,17.2,1009.7,56,1.6,1.9,7.6,"6,454.08",6,87,279,Sever,6
28.3,37,19.4,1008.5,54,1.8,7,16.5,443.63,21,77,199,Sever,6
26.1,34.5,19.2,1008.7,44,1.1,10.2,24.1,"6,229.79",4,49,164,Sever,6
19.9,34.5,13.5,1012.1,35,1.8,16.7,27.8,"7,657.06",5,56,174,Sever,6
20.8,27.4,15.1,1012.7,37,1.9,18.5,29.4,"4,114.10",3,56,180,Sever,6
23.1,30.7,14.9,1012.5,38,2.6,15,24.1,196.17,4,63,486,Sever,6
25.3,32.8,17.7,1012.2,38,1.9,14.1,27.8,502.68,4,61,142,Sever,6
25,33.4,17.3,1010.9,44,2.4,11.5,25.9,"2,167.50",11,77,178,Sever,6
26.7,36.2,18.2,1010,45,1.9,5.6,14.8,747.48,4,37,156,Sever,6
26.4,36.2,19.2,1011.5,46,1.8,5,11.1,"1,153.37",4,55,157,Sever,6
26.3,33.6,17.8,1013.7,45,1.9,11.7,22.2,"2,973.84",2,41,118,Sever,6
26.1,32.8,19.2,1010.5,39,2.3,17.8,33.5,"1,334.73",2,52,308,Sever,6
26.3,34.6,19.1,1008,44,2.6,9.1,22.2,114.46,4,42,122,Poor,4
27.9,36.5,18.6,1010.3,49,2.4,3.7,9.4,170.05,4,35,97,Very Poor,5
28.9,37.6,21,1009.9,47,2.3,4.3,11.1,192.39,4,35,110,Very Poor,5
29.6,38.3,21.4,1010.2,45,2.1,3.1,11.1,161.84,4,34,73,Very Poor,5
30.9,38.7,24,1009.7,45,1.9,6.5,18.3,141.1,4,34,53,Very Poor,5
29.5,37.6,21.9,1008,42,2.4,7.4,18.3,367.15,4,49,88,Sever,6
29.1,37.4,22.2,1006.6,38,2.3,8,18.3,"3,174.48",5,66,41,Sever,6
29.6,37.6,22,1004.8,46,1.9,5.7,13,"3,139.94",2,59,73,Sever,6
29.3,36.6,22.1,1005.2,38,2.7,8.9,25.9,833.88,2,55,114,Sever,6
30.5,38.5,23.1,1005.1,38,2.1,6.5,22.2,468.78,22,37,256,Sever,6
27.4,38.5,22.3,1004.8,52,1.9,8,33.5,"10,400.23",5,55,472,Sever,6
24.8,30.3,21.1,1006.3,65,1.9,9.1,14.8,101.94,6,46,478,Sever,6
27.8,35.5,19.6,1004.9,51,2.7,6.3,14.8,67.44,4,49,188,Moderate,3
25.3,29.7,23.2,1007.3,53,1.9,11.1,33.5,278.25,5,57,247,Sever,6
23.8,29.7,20.4,1009.8,65,1.6,3.5,7.6,69.95,4,42,91,Moderate,3
24.8,31.3,19,1009.6,63,1.9,1.9,5.4,821.6,4,35,75,Sever,6
27.6,35.6,18.3,1006.9,47,2.6,10.2,22.2,40.98,4,22,58,Satisfactory,2
27.2,35.6,19.7,1004.8,52,3.1,5.4,11.1,18.91,2,71,137,Moderate,3
27.3,34.1,22.6,1005.2,52,1.9,4.6,18.3,38.04,2,60,82,Satisfactory,2
30.4,36.7,21.7,1005.9,41,1.9,15.6,48.2,"2,460.60",4,44,148,Sever,6
30.3,37.5,24.8,1008.4,41,1.9,17.6,40.7,146.42,5,53,98,Very Poor,5
29,34.8,23.6,1008.2,40,2.6,16.5,29.4,578.06,2,72,111,Sever,6
29.3,35.6,22.4,1003.9,38,2.3,6.9,14.8,"1,114.74",2,71,104,Sever,6
28.3,36,19.7,1004.1,40,2.7,6.3,16.5,"1,607.51",4,26,136,Sever,6
28.9,37.6,21.5,1004.9,42,2.3,6.3,25.9,273.63,4,54,51,Sever,6
28.8,35.6,21.4,1006.2,45,2.3,6.7,18.3,"1,594.17",2,57,72,Sever,6
25.9,35.6,21.6,1007.5,57,1.9,10.2,40.7,348.84,2,53,50,Sever,6
27.8,34.7,19.8,1005.2,46,1.8,11.3,25.9,"1,062.93",4,35,140,Sever,6
29.4,36.8,21.3,1001.7,35,2.1,9.6,25.9,341.41,4,32,87,Sever,6
29.7,37.1,20.7,1001.5,35,2.7,5.7,14.8,382.39,6,54,172,Sever,6
29.2,37.1,21.9,1001.8,39,2.6,9.4,18.3,270.67,2,45,77,Sever,6
28.8,36,21,1004,37,2.6,5.7,11.1,328.75,2,47,128,Sever,6
29.1,37.7,20.5,1004.9,32,2.6,3.7,14.8,352.27,4,39,147,Sever,6
29.8,37.6,21.4,1002.9,34,2.6,5.7,14.8,354.4,4,42,178,Sever,6
29.4,40.3,24.4,1002.9,47,2.7,15.4,55.4,91.17,5,53,122,Poor,4
31.7,40.3,22,1003,37,2.3,13.9,20.6,162.95,2,55,62,Very Poor,5
29.8,37.6,26.4,1002.9,37,2.3,16.5,24.1,91,4,36,166,Poor,4
34.2,41.4,25.4,1001.9,33,1.9,5.7,14.8,241.9,11,83,248,Very Poor,5
38.4,44.4,34.2,995.6,29,1.9,15,27.8,161.25,2,54,61,Very Poor,5
34.3,44.2,29.7,994.7,43,1.9,18.7,25.9,237.58,2,59,99,Very Poor,5
35.4,41.9,29,995.5,38,1.9,10.4,25.9,244.61,19,32,231,Very Poor,5
33,38.7,26.9,998.6,43,1.9,5.2,16.5,236.14,2,100,326,Very Poor,5
36.1,41.8,29.5,995.6,32,1.9,14.1,27.8,246.88,4,41,266,Very Poor,5
36.6,42.3,28.6,997.2,36,1.9,10.4,22.2,221.61,5,50,143,Very Poor,5
32.7,37.2,28.2,995.7,55,2.3,10.2,18.3,3.9,7,40,103,Moderate,3
35.2,41.5,28.4,994,44,1.9,5.4,14.8,3.03,2,32,86,Satisfactory,2
29.3,32.4,24.8,1001.3,79,1.9,4.6,14.8,10.14,4,47,178,Moderate,3
23.7,31.3,16.7,1015,64,1.4,2.6,11.1,61.53,3,131,292,Poor,4
22.8,31.8,17.4,1013.7,69,1.6,3.1,9.4,86.41,4,38,185,Moderate,3
21.2,27.8,16.4,1012.9,68,2.1,1.1,9.4,112.78,6,47,312,Poor,4
21.1,27.8,14.9,1011.8,65,1.9,5,18.3,120.29,3,131,208,Poor,4
13.2,21.7,6.2,1017.2,70,1.1,2.4,11.1,67.44,5,56,245,Moderate,3
12.1,18.3,9,1016.5,81,0.8,4.4,11.1,40.98,5,58,289,Poor,4
11.9,18.9,6.3,1020.1,76,1.1,8.3,20.6,107.625,7,99,296,Poor,4
16.7,19.3,13.5,1016.3,94,1.1,9.6,22.2,78.25416667,49,81,244,Moderate,3
16.3,21.6,12.4,1018.6,79,2.1,8.3,22.2,54,21,91,151,Moderate,3
14.7,21.7,8.4,1017.1,71,1.8,10.9,22.2,93,6,94,194,Poor,4
14.8,22.6,8.5,1016.8,67,2.1,9.3,18.3,103,2,82,343,Poor,4
18.3,23.2,12.7,1011.2,75,1.9,10,22.2,109.3333333,10,90,76,Poor,4
16.4,22,11.2,1015.5,81,1.6,5.9,18.3,56.45833333,10,109,202,Moderate,3
20.4,27.1,15,1016.1,71,1.4,10.9,18.3,119,16,101,233,Poor,4
17.2,22.6,12.8,1017,81,1.6,8.1,20.6,67,18,113,283,Poor,4
17,23.3,10.7,1019.1,80,2.6,7.8,18.3,46,30,88,226,Moderate,3
17.2,24.2,10.8,1018.3,74,2.6,4.6,14.8,69,31,107,285,Poor,4
17.7,26.5,9.8,1015.3,73,1.4,4.8,14.8,79,45,119,225,Moderate,3
20.4,28.4,15.2,1014.7,62,2.4,5,14.8,62.70833333,10,48,108,Moderate,3
19.4,28.4,12.8,1017.3,57,2.3,13.1,18.3,81,11,64,147,Moderate,3
19,26.8,11.7,1016.3,58,2.6,16.7,29.4,1.916666667,7,91,183,Moderate,3
18.7,27.8,13.3,1016.2,69,2.4,7.4,25.9,1.833333333,25,93,304,Poor,4
20.2,30.1,11.9,1015.7,58,1.9,6.7,14.8,1.791666667,18,96,155,Moderate,3
21,30.7,11.7,1016.5,62,1.6,4.3,11.1,31.625,34,114,275,Poor,4
21.6,30.7,13.6,1016.1,62,1.9,7.8,22.2,112,4,94,184,Poor,4
22.5,31.8,13.7,1014.6,57,2.3,5.9,14.8,117,6,91,307,Poor,4
23.1,33.8,17.3,1008.2,61,2.3,4.3,11.1,76,2,87,224,Moderate,3
23.8,33,14.9,1010.4,64,1.9,3.9,11.1,111,2,59,63,Poor,4
22.6,33,18.1,1013.1,67,2.1,11.3,22.2,59,3,67,154,Moderate,3
23,30,14.4,1016.1,55,2.7,6.7,14.8,77.20833333,2,100,112,Moderate,3
22.1,28.9,14.3,1016.1,65,1.9,5.4,11.1,87,2,119,250,Moderate,3
24,30.5,16.8,1009.3,61,2.1,18.7,29.4,63.91666667,6,93,135,Moderate,3
24.6,31.7,17.9,1008.5,68,2.3,14.1,27.8,98,5,72,166,Poor,4
26.1,34.8,17.9,1008.8,54,2.6,11.9,18.3,64,11,84,184,Moderate,3
25.2,33.5,19.2,1006.4,55,1.9,9.6,22.2,62,7,102,154,Moderate,3
27.3,34.8,19.3,1007.6,55,1.9,10,18.3,88.375,12,102,272,Poor,4
23.2,29.6,16.7,1008.6,54,1.9,13.1,22.2,52,3,54,267,Poor,4
23.9,33.7,16,1009.3,60,2.4,7.8,20.6,87,7,59,205,Moderate,3
25.6,33.8,17.9,1008.7,47,2.1,4.4,13,23.20833333,4,76,193,Moderate,3
25.7,36,17.8,1009,50,1.8,9.3,14.8,15.16666667,11,102,296,Poor,4
25.1,36,18.3,1009.5,56,2.7,9.1,18.3,21.25,2,90,143,Moderate,3
26.3,32.9,18.4,1008,40,2.7,13,22.2,25.75,4,58,208,Moderate,3
25.8,33.2,18.7,1006.8,38,2.4,15.6,25.9,52,21,94,314,Poor,4
26.8,34.9,17.8,1005.8,33,1.9,12.8,25.9,89,14,59,317,Poor,4
29.2,37.5,20,1006.1,38,2.6,5.9,14.8,105,2,107,115,Poor,4
31.1,37.8,21.7,1005.6,34,1.8,8.1,27.8,117,2,76,240,Poor,4
29.9,37.8,22.2,1006.7,35,2.6,6.7,14.8,20.79166667,2,76,163,Moderate,3
29.8,37,22.4,1006.5,33,1.9,8.1,14.8,64.79166667,4,108,232,Moderate,3
29.3,36.1,23.3,1007.6,39,1.9,7.4,22.2,87,4,45,133,Moderate,3
29.8,36.6,21.4,1007.8,37,1.9,8.1,18.3,84,2,41,154,Moderate,3
28.2,36.6,21.9,1007.1,45,1.9,6.5,16.5,46,4,54,54,Satisfactory,2
28.3,36.4,20.1,1004,47,1.9,6.3,14.8,104,3,62,86,Poor,4
32.1,40.2,20.8,1000.1,28,2.1,10.4,24.1,109,4,52,106,Poor,4
29,37.1,21.9,1001.7,31,2.7,7.2,14.8,63,2,47,62,Moderate,3
29.1,37.8,19.5,1002.9,37,1.9,4.1,14.8,77,2,105,119,Moderate,3
29.3,37.9,20.3,1002.9,35,2.3,4.4,11.1,110,2,109,284,Poor,4
30.5,38.6,20.7,1003.4,36,1.9,7.6,14.8,42.95833333,3,114,214,Moderate,3
27.2,33.2,20.9,1010.1,53,1.9,7.6,14.8,30.875,15,119,273,Poor,4
28.6,34.6,21.5,1009.9,51,2.3,4.6,14.8,75,2,98,219,Moderate,3
30,37.4,22.5,1009,48,2.6,3,9.4,106,7,86,169,Poor,4
31.1,38.5,23.2,1007.7,45,1.9,3.7,7.6,120,4,87,201,Poor,4
29.9,38.5,24.3,1008.3,53,1.9,6.7,22.2,79.91666667,8,68,188,Moderate,3
31.8,39.2,24.8,1005,38,1.9,8.1,18.3,38.5,2,75,227,Moderate,3
31.4,39.2,22.8,1002.9,24,1.9,11.5,25.9,94,9,54,194,Poor,4
31.4,42,19.8,999,38,1.9,2.6,11.1,102,3,66,124,Poor,4
32.7,42,24.3,1000.6,37,1.9,3.1,9.4,101,4,75,220,Poor,4
32.9,41.6,26,1001.4,46,1.9,3.7,7.6,117,5,48,132,Poor,4
33.6,41.9,25.2,1000.2,35,1.9,10.2,18.3,107.2916667,13,77,201,Poor,4
31,40.6,24.6,1000,40,1.9,14.8,22.2,96,5,100,167,Poor,4
30.2,36.1,25.4,1003.5,46,2.3,7,14.8,76,2,46,136,Moderate,3
30.9,37.6,23.2,1003.7,44,1.9,3.5,11.1,101,2,63,171,Poor,4
32.9,39.8,24.7,1001,38,1.9,5.6,13,106,2,36,90,Poor,4
33,40.8,25.4,998.5,39,1.8,7.2,22.2,108,2,106,122,Poor,4
36.2,44.6,25.9,999.2,29,1.9,15,27.8,101,12,101,248,Poor,4
36.2,44.6,29.2,999.1,32,1.9,10.6,18.3,98,2,93,200,Poor,4
37.9,45.7,31.4,996.8,29,1.9,15.2,25.9,89,2,53,299,Poor,4
35.6,42.6,30.2,999.3,41,1.9,8.1,20.6,95,4,81,290,Poor,4
34.9,43,27.8,999.2,32,1.9,6.9,16.5,97,2,66,230,Poor,4
33.6,40.6,24.8,998.8,47,1.9,10.6,18.3,72,2,53,235,Moderate,3
32.4,38.5,26.6,1001,63,2.3,13.3,22.2,45,2,43,55,Satisfactory,2
34.1,40.3,28.8,999.7,59,1.9,10.9,16.5,65,2,27,85,Moderate,3
35.9,41.7,28.2,999.9,49,1.9,5,9.4,67,2,36,70,Moderate,3
34.1,43.2,25.7,997.9,57,1.9,7.4,14.8,66,2,114,154,Moderate,3
34.2,39.8,29.1,996.7,64,1.9,13.7,18.3,77,12,106,212,Moderate,3
35.1,40.2,30.2,995.2,52,1.9,8.5,14.8,70,2,77,312,Poor,4
36.6,41.6,29.6,995.3,50,1.9,8.1,14.8,75,5,70,193,Moderate,3
34.1,39.2,27.2,997.8,62,1.9,6.5,11.1,57,2,29,228,Moderate,3
27.1,31.5,23.7,996.5,90,1.8,8.5,11.1,40,2,83,307,Poor,4
26.9,31.5,23.5,994.7,90,1.4,8.3,16.5,42,2,37,307,Poor,4
28.6,32.1,23.5,996.7,85,1.1,5.4,11.1,93,2,66,295,Poor,4
29.7,35.5,24.8,999,76,1.9,4.3,14.8,80,2,36,209,Moderate,3
33,38.4,25.3,997.6,58,1.8,4.8,13,90,2,50,284,Poor,4
35.6,41,27.3,995.5,49,1.9,7.4,18.3,97,5,54,137,Poor,4
35.9,41,31.2,996,47,1.9,10.9,22.2,79,10,87,193,Moderate,3
35.2,40.6,29.8,995.4,59,1.9,7.6,22.2,87,14,100,195,Moderate,3
33.4,39.4,29.4,996.1,62,1.9,13,20.6,63.5,25,61,177,Moderate,3
31,39.4,27.8,999.2,74,1.9,11.5,18.3,50,2,65,185,Moderate,3
31.2,35.7,27.2,998.4,75,1.9,6.3,14.8,40,12,65,269,Poor,4
31.2,37.1,27.6,996.8,71,1.9,8.1,20.6,49,2,61,102,Moderate,3
31.5,37.1,25.9,996.1,71,1.9,8.9,14.8,43,2,68,182,Moderate,3
33.9,39.2,27.8,995.2,62,1.9,8.9,14.8,61.875,2,51,46,Moderate,3
31.6,37.6,26.9,997.5,76,1.9,6.5,11.1,29.66666667,2,64,98,Satisfactory,2
32.4,37.5,28.4,997.1,73,1.9,9.3,14.8,47,2,64,89,Satisfactory,2
32.1,37.5,28.3,997.6,72,1.9,11.9,18.3,37,4,62,181,Moderate,3
31.2,36.7,27.3,1000.4,75,1.9,11.3,14.8,33,2,51,114,Moderate,3
31.1,35,27.9,1000.1,81,1.9,7.2,11.1,49.125,10,56,285,Poor,4
30.3,35.8,27.2,997.5,78,1.9,7.6,14.8,43,4,54,138,Moderate,3
29.2,35.4,24.6,996.4,81,1.8,7.4,14.8,29,11,53,226,Moderate,3
29.8,35.1,22.8,995.8,79,1.9,6.5,18.3,29.66666667,3,38,65,Satisfactory,2
31.7,36.2,26.8,997.9,74,1.9,8.1,16.5,56,3,43,113,Moderate,3
29,36.2,27.3,999.9,90,1.8,5.6,14.8,39,5,64,120,Moderate,3
31.8,36.7,25.8,998.8,75,1.9,8.3,14.8,35,2,50,116,Moderate,3
31.1,37.2,28.2,997.5,76,1.9,3.9,11.1,37,5,50,82,Satisfactory,2
31.7,37.2,26.8,998.3,78,1.9,7.8,11.1,41,3,55,110,Moderate,3
30.8,35.1,26.7,997.9,82,1.9,6.1,11.1,54,4,68,89,Satisfactory,2
30.2,37.1,27.9,997.2,84,1.4,4.8,14.8,45,2,54,72,Satisfactory,2
30,35.5,26.2,997.5,83,1.9,3.7,11.1,26,16,119,285,Poor,4
32.4,36,27,997.9,72,1.9,5.7,11.1,57,2,43,57,Satisfactory,2
30.2,36,25.8,996.9,82,1.9,8.9,14.8,35,2,47,53,Satisfactory,2
31.1,34.9,25.9,998.2,76,1.9,6.7,11.1,41,2,35,69,Satisfactory,2
32.2,36.1,27.4,1000.8,69,1.9,9.3,14.8,28,3,50,49,Satisfactory,2
32.3,36.1,27.5,1000,70,1.9,4.4,7.6,40,2,50,68,Satisfactory,2
29.4,35.8,27.7,1000.7,82,1.4,6.1,11.1,39,2,52,43,Satisfactory,2
27.3,34.3,25.8,1002.4,92,1.4,4.8,11.1,41,2,50,76,Satisfactory,2
28.4,30.6,25.3,1001.8,88,1.4,3.1,7.6,50,2,61,37,Satisfactory,2
28.1,30.8,25.8,1000.6,88,1.9,8,18.3,35,4,39,40,Satisfactory,2
29.3,34.9,25,1000.2,83,1.9,5.7,13,36,34,56,257,Poor,4
29.8,33.2,26.1,1001.5,82,2.3,6.7,11.1,33,2,122,264,Poor,4
30.3,34.6,26.7,1001.1,80,1.9,7,11.1,35,2,102,343,Poor,4
29.7,34.9,26.1,1000.3,79,1.9,8.3,18.3,26,4,67,288,Poor,4
27.7,30.7,24.8,1001.8,88,1.9,7.2,14.8,21,2,45,64,Satisfactory,2
26.9,30.5,25.4,1000.2,93,1.6,5.7,13,18,2,60,92,Satisfactory,2
28.9,33.1,24.4,999.6,83,1.9,2.8,7.6,34,18,118,311,Poor,4
28.4,33.1,26,1000,86,1.9,5,18.3,35,2,20,29,Satisfactory,2
27.4,33.5,24.4,999.1,90,1.1,5.4,18.3,43,2,23,91,Satisfactory,2
29.2,34.4,24.8,999,81,2.1,7.8,29.4,46,2,21,22,Satisfactory,2
31.9,36.5,26.7,1000.8,75,1.6,10.9,72,58,2,61,79,Satisfactory,2
32,35.5,27.6,999.8,65,2.6,16.9,29.4,30,2,44,69,Satisfactory,2
31.6,36.3,25.9,1002.7,58,2.7,15.4,25.9,30,2,67,77,Satisfactory,2
31.1,36.3,25.8,1002.2,58,2.7,15.6,25.9,31,19,95,320,Poor,4
31.6,36.8,25.9,1001.5,63,2.4,3.9,11.1,71,11,132,255,Poor,4
29.7,33.8,24.8,1002.9,66,1.9,6.3,14.8,65,15,110,348,Poor,4
29.7,36,23.5,1002.7,61,2.7,6.3,18.3,56,9,95,286,Poor,4
28.7,34.1,25.2,1002.9,76,1.9,9.6,51.9,62,18,84,306,Poor,4
30.6,35,25.3,1001.3,72,1.9,4.8,11.1,50,2,141,339,Poor,4
28.6,35.6,25.3,1005.4,79,2.6,5.7,13,43,5,189,329,Poor,4
29,34.2,24.3,1005.8,76,1.9,7.4,20.6,38,13,153,322,Poor,4
28,31.2,25.4,1003.8,84,1.6,5.9,11.1,76,2,159,325,Poor,4
29.1,34,23.8,1007.8,72,1.9,6.5,13,30.33333333,4,79,73,Satisfactory,2
29.3,34,23.4,1006.5,74,1.9,2.6,7.6,65,6,117,325,Poor,4
23.6,35.1,21.2,1011.3,92,1.6,4.6,11.1,40,12,136,345,Poor,4
27.4,33.1,22.8,1008,85,1.6,0.4,3.5,80,15,109,257,Poor,4
26.6,32.6,21.1,1008.8,76,1.6,3.3,11.1,95,4,124,189,Poor,4
23.8,30.5,18.4,1013.5,71,1.6,1.3,3.5,99,2,93,175,Poor,4
21.3,28.8,15,1011.9,58,1.9,9.6,16.5,110,3,108,345,Poor,4
16.5,24.5,10.8,1012.2,74,1.6,10.2,22.2,121,5,107,160,Poor,4
10.7,20,4.5,1018.7,73,1.3,6.1,11.1,114.0833333,6,103,207,Poor,4
14.3,19.2,10.9,1020.5,91,1.6,4.8,11.1,108,2,50,45,Poor,4
15.3,17.8,12.7,1019.8,97,1.1,6.9,9.4,114,5,77,264,Poor,4
19.7,26.4,15.1,1009.3,72,1.6,15,29.4,99.5,4,113,310,Poor,4
13.1,22.6,11,1011.8,97,1.1,5.4,11.1,116,3,121,249,Poor,4
16.3,22.8,10,1018.7,71,1.8,5.2,14.8,95.41666667,2,52,115,Poor,4
17.9,25.2,10.3,1017.4,70,1.1,0.9,7.6,52.20833333,2,37,75,Satisfactory,2
16.1,21.8,10,1017.1,82,1.3,5.7,11.1,120,2,71,273,Poor,4
18.8,26.2,12,1016.5,69,1.4,3.7,11.1,119,2,88,251,Poor,4
19.5,26.9,13.8,1015.9,66,1.8,4.1,9.4,110,2,126,344,Poor,4
20,23.5,17.6,1013.9,72,1.9,11.1,22.2,39,2,48,88,Satisfactory,2
27.2,38,21,1009.7,55,1.9,13,18.3,48,2,53,101,Satisfactory,2
25.2,30.6,18,1008.2,71,2.6,10,20.6,60,3,46,66,Satisfactory,2
30,36.4,21.4,1007.2,60,2.6,4.1,14.8,48,2,61,81,Satisfactory,2
34.8,41.7,26.5,1000,40,2.6,6.5,14.8,17.5,2,69,68,Satisfactory,2
32.5,36.5,28.2,999.9,71,1.9,7.8,16.5,35,3,49,63,Satisfactory,2
33.3,37.7,28.1,998,66,1.9,6.5,9.4,25.08333333,2,59,97,Satisfactory,2
30.3,35.3,28.4,996.9,81,1.9,0.9,7.6,45,2,70,65,Satisfactory,2
31.4,36.6,27,995.3,72,1.9,5.7,13,33,2,71,87,Satisfactory,2
28.5,33.2,26,1001.3,82,1.9,15,25.9,24.29166667,4,47,96,Satisfactory,2
27.8,33.2,25,1000.3,85,2.1,9.3,20.6,25,6,72,98,Satisfactory,2
30.9,34.7,25.7,1003.5,73,1.9,5.7,11.1,35,4,47,69,Satisfactory,2
31.2,36,26.4,1003.3,72,1.9,4.1,11.1,43,2,48,81,Satisfactory,2
26.5,29.1,25.2,1005.7,89,1.9,0.9,7.6,45,3,51,22,Satisfactory,2
28.5,33.6,23,1005.1,77,1.9,5.7,13,33,2,43,29,Satisfactory,2
30.4,36.2,25.2,1003.6,61,1.9,8.3,13,37.125,15,80,100,Satisfactory,2
30.9,39.5,21.1,1004,38,2.7,8.1,33.5,56.875,4,39,62,Satisfactory,2
29.9,35.9,22,1007.4,56,2.6,4.4,11.1,55,5,68,65,Satisfactory,2
29.1,34.7,24.4,999.2,82,1.9,4.8,11.1,19.41666667,2,60,71,Satisfactory,2
29.8,35.1,25.5,998.2,83,1.8,3,5.4,35,2,40,101,Satisfactory,2
31,37.1,26.5,1007.1,54,2.6,7.6,22.2,43,7,56,52,Satisfactory,2
30.4,35.9,26,1003.6,78,1.6,2,7.6,51,7,60,35,Satisfactory,2
30.1,35.8,26.5,1002.3,70,1.9,10.2,14.8,19,2,65,67,Satisfactory,2
28.3,35.2,23.8,1008.9,63,1.9,3.9,11.1,47,2,79,81,Satisfactory,2
28.9,35,22.5,1011.5,54,3.5,8.3,14.8,35,4,36,68,Satisfactory,2
28.1,35.3,21.5,1011.8,56,2.6,5.6,13,57,4,30,85,Satisfactory,2
35.9,39.5,30.1,1000.1,55,2.7,10.9,16.5,58.36,4,46,101,Satisfactory,2
29.4,37,26,1000.2,69,2.9,9.4,20.6,30.2,4,52,74,Satisfactory,2
34.1,38,28,997.1,60,3.2,3,11.1,53.8,25,42,88,Satisfactory,2
13.1,21.2,7.3,1020.3,52,1.6,10.4,24.1,31,3.8,11.4,14,Satisfactory,2
12.8,22.3,4.8,1022.2,54,1.6,4.6,14.8,57,4.2,11.4,26,Satisfactory,2
17.2,27,8.8,1017,54,1.4,4.4,11.1,60,5,13.7,15,Satisfactory,2
16.9,28.4,8.1,1018.6,57,1.3,0.7,3.5,45,4.5,16.3,23,Satisfactory,2
17.6,27.2,9.5,1019.2,56,1.1,6.5,1.2,40,3,12.8,14,Satisfactory,2
19.1,26.5,12.8,1018.1,51,1.3,10,18.3,36,4.8,16.5,14,Satisfactory,2
18,26,11.7,1017.3,51,1.8,10.6,24.1,45,3.2,13.8,17,Satisfactory,2
18.7,27.8,12.6,1015.7,49,1.9,8.7,14.8,51,3.8,12.3,21,Satisfactory,2
17.9,29.5,11.1,1018.5,65,1.4,0.2,11.1,60,3.8,13.7,25,Satisfactory,2
25.8,33.9,16.5,1009.1,42,1.9,3.5,11.1,55,2.7,9.5,19,Satisfactory,2
32.7,39.7,24.9,1002.4,52,1.9,6.9,14.8,55,3.8,14.3,25,Satisfactory,2
30.6,37.6,19.2,1000.2,55,2.6,3,11.1,49,4.3,12.5,18,Satisfactory,2
30.6,35.6,23.8,1001.5,59,2.7,5,14.8,42,4.3,13,19,Satisfactory,2
34.3,39.6,25,997.4,52,1.9,2,7.6,55,4.3,11,24,Satisfactory,2
34.4,39.5,25.5,998.1,55,2.7,3.7,9.4,50,3.8,8.6,19,Satisfactory,2
35.2,41.1,27.7,999.3,55,1.9,6.3,11.1,56,3,12.5,30,Satisfactory,2
33.8,39.6,27.4,999,57,2.3,7.8,14.8,56,3.8,12.5,32,Satisfactory,2
33.7,40.3,26.2,995.7,61,1.9,10,14.8,33,2.8,8.1,14,Satisfactory,2
33.4,39,25.3,993,62,2.6,8.9,14.8,45,4.3,10,23,Satisfactory,2
34.3,42,27.8,996.1,54,1.9,3.1,9.4,58,3,11.5,28,Satisfactory,2
34.2,41,22.4,997.1,46,1.9,1.5,5.4,33,4.2,10.1,16,Satisfactory,2
29.4,31.7,27.4,998.1,69,1.6,3.1,14.8,43,5.2,11.5,22,Satisfactory,2
27.2,31.1,21.3,998.9,79,1.9,6.9,14.8,56,5.5,8.3,29,Satisfactory,2
30.3,36.4,22.3,999.1,69,2.6,4.1,7.6,34,4.3,7,15,Satisfactory,2
35.7,43.4,26.7,997.2,28,1.9,7.4,16.5,47,4.5,13,21,Satisfactory,2
31.8,41,24.2,1001.8,47,1.9,10.4,33.5,54,5.2,14.8,19,Satisfactory,2
16,22.2,14,1010.9,95,1.6,6.9,16.5,1.8,4,36,76,Satisfactory,2
33.8,41.2,26.4,998.8,33,1.9,8,20.6,12.9,4,29,64,Satisfactory,2
29.2,33.6,25.4,999.6,77,1.9,7.2,18.3,41.43,4,35,75,Satisfactory,2
27.7,34.5,24.6,1002.9,88,1.9,3.7,9.4,14.39,4,32,87,Satisfactory,2
28.9,34.2,26.1,999.1,83,1.9,5.4,14.8,9.63,4,29,60,Satisfactory,2
27.2,34.2,25.1,1003.1,95,1.6,4.3,7.6,18.02,4,32,87,Satisfactory,2
29.9,34.1,25.7,1003.4,81,1.8,2.2,5.4,14.4,2,59,99,Satisfactory,2
28,36.2,25.6,1001.2,86,1.9,3.1,9.4,10.44,2,32,86,Satisfactory,2
29.3,33.6,25.4,1004.9,76,3.1,7.8,18.3,15.83,4,41,73,Satisfactory,2
28.9,33.7,25,1003.6,75,2.3,8.5,18.3,21.72,4,40,99,Satisfactory,2
28.9,34.1,24.8,1003.4,69,2.6,12.6,25.9,25.91,4,41,55,Satisfactory,2
28.6,33.9,24.5,1005.7,65,2.7,13.9,25.9,35.78,4,43,47,Satisfactory,2
28.2,34.7,23.3,1010.4,70,2.6,3.9,11.1,49.06,4,43,88,Satisfactory,2
21.6,30,15.8,1012.5,64,1.4,2.6,11.1,1.11,4,27,93,Satisfactory,2
18.6,29.5,10.5,1012.4,67,1.3,0,1.2,1.11,4,48,NA,Satisfactory,2
14.6,21.6,9.4,1018.4,72,2.7,9.4,18.3,54,2,56,86,Satisfactory,2
22.6,33,18.1,1013.1,67,2.1,11.3,22.2,59,4,52,79,Satisfactory,2
31.9,40.6,26.7,1002,61,1.9,13.5,20.6,38,2,48,88,Satisfactory,2
30.3,35.8,27.2,997.5,78,1.9,7.6,14.8,43,2,53,101,Satisfactory,2
31.1,34.9,25.9,998.2,76,1.9,6.7,11.1,41,2,34,69,Satisfactory,2
31.8,36,27.5,999.6,71,1.9,11.7,18.3,25,2,64,75,Satisfactory,2
27.3,34.3,25.8,1002.4,92,1.4,4.8,11.1,41,2,43,79,Satisfactory,2
28.4,30.6,25.3,1001.8,88,1.4,3.1,7.6,50,3,43,50,Satisfactory,2
30.2,35.6,25.6,1003.6,68,3.1,14.8,22.2,33,2,60,77,Satisfactory,2
31.7,35.9,27,1003.6,59,2.6,14.4,22.2,30,2,78,90,Satisfactory,2
31.6,36.3,25.9,1002.7,58,2.7,15.4,25.9,30,2,55,67,Satisfactory,2
29.9,34.8,24.3,1005.1,74,1.9,1.3,3.5,48,2,61,81,Satisfactory,2
26.7,30.8,21.5,1008.3,84,1.8,3,14.8,60,2,69,68,Satisfactory,2
33.3,39,25.3,997.7,56,1.9,9.8,16.5,49,4,31,NA,Satisfactory,2
34.1,39.4,29,1001.5,49,3.1,10,18.3,43,3,47,58,Satisfactory,2
28.6,32.2,23.6,1002.5,81,1.9,2,7.6,47,4,27,NA,Satisfactory,2
27.6,34.6,22.2,1010,56,2.3,3.3,11.1,51,4,38,NA,Satisfactory,2
24.4,33.6,21.4,1011,75,1.9,5.4,14.8,11.58333333,4,32,93,Satisfactory,2
27.8,33.2,25,1000.3,85,1.9,7.2,18.3,47,4,32,NA,Satisfactory,2
32.2,36.9,28.6,1002.5,69,1.9,2.2,7.6,57,NA,NA,NA,Satisfactory,2
32.1,36.6,28,1000.8,56,1.9,15.4,25.9,44,2,73,79,Satisfactory,2
31.4,36.5,27.6,1005.5,56,1.9,11.7,25.9,60,4,44,66,Satisfactory,2
31,37.1,26.5,1007.1,54,2.6,7.6,22.2,43,NA,NA,NA,Satisfactory,2
33.2,36.2,27.9,994.8,70,2.3,5.4,13,54.69,9.43,18.3,63.84,Satisfactory,2
33.1,36.5,28.5,996.2,67,2.3,8.9,14.8,54.06,6.45,18.05,99.85,Satisfactory,2
33.6,36.7,28.8,996.7,66,5.8,5.9,11.1,40.28,5.88,26.05,93.69,Satisfactory,2
31,35.2,26,997.9,80,2.4,7.2,18.3,56.98,4.16,11.11,99.52,Satisfactory,2
27.1,32.7,24.6,999.5,95,1.9,4.4,9.4,42.74,6.05,13.37,71.08,Satisfactory,2
34.1,37,28.5,998.5,63,3.2,13,22.2,49.05,4.86,6.49,41.97,Satisfactory,2
34.1,37.2,29,998.4,61,2.6,11.5,22.2,55.59,8.24,6.17,45.92,Satisfactory,2
34.1,37.5,29.5,998.6,59,3.2,8.7,14.8,57.64,6.34,9.11,75.48,Satisfactory,2
29.2,31,26,1000,85,1.8,4.6,13,51.3,3.86,8.65,85.26,Satisfactory,2
32.6,36,26.2,997.8,66,3.4,5.6,9.4,51.9,3.81,8.84,60.15,Satisfactory,2
